"Product Name"," Product Code"," IMEI or Serial Numbers"," Expected"," Counted"
Mouse,63920719,,142,
mango,72782608,,1382,
Earphone,85415108,,101,
"Baby doll",31261512,,72,
lychee,38314290,,170,
potato,212132,,49,
iphone-X,97103461,11101/11102/11103//7001,28,
"Galaxy S9",72100265,,24,
Shoe,90471412,,13,
"Polo Shirt",53467102,,14,
Toothpaste,859875003032,,10,
tissue,8941161008066,,16,
T-shirt,93475396,,1,
T-shirt,93475396,,5,
T-shirt,93475396,,3,
"Test variant",81145830,,2,
TV,32703342,,7,
testvar,32081679,,1,
Napa,41930312,,18,
Napa,41930312,,3,
Napa,41930312,,2,
"Denim Jeans",19243053,,5,
iphone-X,97103461,,1,
"Cotton Punjabi",82490498,,0,
"Cotton Punjabi",82490498,,1,
"Iphone 14",17628500,,7,
"Iphone 14",17628500,,10,
"Iphone 14",17628500,,10,
Elaine,71466048,,1,
asd,30216859,,36,
