"Product Name"," Product Code"," IMEI or Serial Numbers"," Expected"," Counted"
Mouse,63920719,,245,
mango,72782608,,1502,
Earphone,85415108,,101,
"Baby doll",31261512,,0,
lychee,38314290,,160,
potato,212132,,45,
iphone-X,97103461,11101/11102/11103//7001,25,
"Galaxy S9",72100265,,20,
Shoe,90471412,,9,
"Polo Shirt",53467102,,-6,
Toothpaste,859875003032,,10,
tissue,8941161008066,,16,
T-shirt,93475396,,2,
T-shirt,93475396,,5,
T-shirt,93475396,,3,
"Test variant",81145830,,2,
TV,32703342,,8,
testvar,32081679,,1,
Napa,41930312,,18,
Napa,41930312,,3,
Napa,41930312,,2,
"Denim Jeans",19243053,,2,
iphone-X,97103461,,1,
"Cotton Punjabi",82490498,,0,
"Cotton Punjabi",82490498,,1,
"Iphone 14",17628500,,9,
"Iphone 14",17628500,,10,
"Iphone 14",17628500,,2.0E+139,
"Damilola Bidemi David",65740952,,5,
TRICKSTER,76021854,444/445/567/899,48,
