"Product Name"," Product Code"," IMEI or Serial Numbers"," Expected"," Counted"
Mouse,63920719,,145,
mango,72782608,,1418,
Earphone,85415108,,99,
"Baby doll",31261512,,72,
lychee,38314290,,171,
potato,212132,,48,
iphone-X,97103461,11101/11102/11103//7001,3,
"Galaxy S9",72100265,,30,
Shoe,90471412,,13,
"Polo Shirt",53467102,,24,
Toothpaste,859875003032,,4,
tissue,8941161008066,,12,
T-shirt,93475396,,2,
T-shirt,93475396,,5,
T-shirt,93475396,,3,
"Test variant",81145830,,1,
TV,32703342,,6,
testvar,32081679,,1,
Napa,41930312,,18,
Napa,41930312,,3,
Napa,41930312,,2,
"Denim Jeans",19243053,,6,
iphone-X,97103461,,1,
"Cotton Punjabi",82490498,,0,
"Cotton Punjabi",82490498,,1,
"Iphone 14",17628500,,8,
"Iphone 14",17628500,,8,
"Iphone 14",17628500,,10,
"Test Khem",525632,,-503,
VIDRIO,47292719,,-10210,
"Cotton Punjabi",82490498,,10,
