"Product Name"," Product Code"," IMEI or Serial Numbers"," Expected"," Counted"
Mouse,63920719,,140,
mango,72782608,,1377,
Earphone,85415108,,100,
"Baby doll",31261512,,69,
lychee,38314290,,165,
potato,212132,,45,
iphone-X,97103461,11101/11102/11103//7001,128,
"Galaxy S9",72100265,,24,
Shoe,90471412,,11,
"Polo Shirt",53467102,,14,
Toothpaste,859875003032,,9,
tissue,8941161008066,,16,
T-shirt,93475396,,2,
T-shirt,93475396,,4,
T-shirt,93475396,,2,
"Test variant",81145830,,2,
TV,32703342,,6,
testvar,32081679,,1,
Napa,41930312,,18,
Napa,41930312,,3,
Napa,41930312,,2,
"Denim Jeans",19243053,,0,
iphone-X,97103461,,1,
"Cotton Punjabi",82490498,,0,
"Cotton Punjabi",82490498,,0,
"Iphone 14",17628500,,58,
"Iphone 14",17628500,,10,
"Iphone 14",17628500,,9,
